<?xml version="1.0"?><records>
  <record>
    <lastName>Wunsch</lastName>
    <firstName>Theodora</firstName>
    <email>Jonas@orville.biz</email>
  </record>
  <record>
    <lastName>Carter</lastName>
    <firstName>Claudia</firstName>
    <email>Maximo@monserrate.biz</email>
  </record>
  <record>
    <lastName>Cruickshank</lastName>
    <firstName>Terrence</firstName>
    <email>Cortney@murray.tv</email>
  </record>
  <record>
    <lastName>Carroll</lastName>
    <firstName>Leilani</firstName>
    <email>Bernardo@louvenia.biz</email>
  </record>
  <record>
    <lastName>Balistreri</lastName>
    <firstName>Thea</firstName>
    <email>Madisen@fannie.ca</email>
  </record>
  <record>
    <lastName>Hansen</lastName>
    <firstName>Maximus</firstName>
    <email>Kendrick.Abbott@guadalupe.ca</email>
  </record>
  <record>
    <lastName>Heathcote</lastName>
    <firstName>Aglae</firstName>
    <email>Randal_Schimmel@luigi.org</email>
  </record>
  <record>
    <lastName>Balistreri</lastName>
    <firstName>Crystal</firstName>
    <email>Lysanne.Rutherford@carey.io</email>
  </record>
  <record>
    <lastName>Blick</lastName>
    <firstName>Bert</firstName>
    <email>Ruthie_Bernhard@noble.org</email>
  </record>
  <record>
    <lastName>Kuphal</lastName>
    <firstName>Abraham</firstName>
    <email>Salvador@madisyn.com</email>
  </record>
  <record>
    <email>Creola.Spinka@cristian.biz</email>
    <firstName>Joannie</firstName>
    <lastName>Schowalter</lastName>
  </record>
  <record>
    <email>Valentina@vincenzo.org</email>
    <firstName>Dorthy</firstName>
    <lastName>Nitzsche</lastName>
  </record>
  <record>
    <email>Fatima.Schimmel@justyn.tv</email>
    <firstName>Lucious</firstName>
    <lastName>Williamson</lastName>
  </record>
  <record>
    <email>Laisha_Hamill@jimmy.net</email>
    <firstName>Rey</firstName>
    <lastName>Bahringer</lastName>
  </record>
  <record>
    <email>Ismael.Considine@darby.co.uk</email>
    <firstName>Ivory</firstName>
    <lastName>Lind</lastName>
  </record>
  <record>
    <email>Elena.Blanda@devon.us</email>
    <firstName>Adrien</firstName>
    <lastName>Paucek</lastName>
  </record>
  <record>
    <email>Stefan@donny.biz</email>
    <firstName>Cassandra</firstName>
    <lastName>Mraz</lastName>
  </record>
  <record>
    <email>Robb_Weber@chaz.name</email>
    <firstName>Immanuel</firstName>
    <lastName>Tromp</lastName>
  </record>
  <record>
    <email>Demarcus.Hilll@keagan.me</email>
    <firstName>Piper</firstName>
    <lastName>Swift</lastName>
  </record>
  <record>
    <email>Jayson.Bartoletti@jaycee.ca</email>
    <firstName>Foster</firstName>
    <lastName>Marks</lastName>
  </record>
</records>